d,d_A,b,a,d_1,e,Y,Y_0,C_dyn,C_stat,n_lim,m,Name
20,37,12,8,29.5,0.32,1.88,1.04,15700,18400,21100,0.053,32904
20,42,15,10,33.1,0.37,1.6,0.88,24000,28500,19900,0.111,32004-X-XL
20,45,14,11,32.9,0.45,1.34,0.73,22200,21100,17500,0.103,T4DB020
20,47,15.25,12,34.7,0.35,1.74,0.96,32000,27500,18500,0.121,30204-XL
20,47,19.25,13,33.9,0.33,1.81,1,40500,36500,18400,0.165,32204-XL
20,50,22,14,35,0.33,1.8,0.99,46000,49000,15400,0.23,T2ED020
22,47,14,12,34.9,0.47,1.27,0.7,23300,22800,16600,0.109,T4CB022
22,52,22,14,36.9,0.33,1.84,1.01,47500,51000,14600,0.239,T2ED022
25,42,12,9,34.2,0.32,1.88,1.04,14900,18800,18000,0.067,32905
25,47,15,12,38.5,0.43,1.39,0.77,31500,34000,17200,0.117,32005-X-XL
25,47,17,11,37.3,0.29,2.07,1.14,33000,41500,15700,0.133,33005
25,50,14,13,38,0.51,1.18,0.65,24200,24600,15300,0.121,T4CB025
25,52,22,14,39.6,0.35,1.71,0.94,48500,58000,14200,0.222,33205
25,52,16.25,13,38.5,0.37,1.6,0.88,38500,35500,16400,0.154,30205-XL
25,52,19.25,14,39.5,0.36,1.67,0.92,47500,45000,15900,0.186,32205-XL
28,55,15,13,41.4,0.47,1.27,0.7,30000,31000,13900,0.151,T4CB028
28,65,27,18,45.6,0.34,1.77,0.97,71000,78000,11600,0.451,T2ED028
30,47,12,9,39.2,0.32,1.88,1.04,16300,22000,15900,0.077,32906
30,55,17,14,43.9,0.43,1.39,0.77,46000,47000,14600,0.174,32006-X-XL
30,55,20,13,43.8,0.29,2.06,1.13,53000,57000,14500,0.212,33006-XL
30,60,17,15,44.6,0.47,1.27,0.7,38000,38500,12600,0.207,T4CB030
30,62,17.25,14,46.2,0.37,1.6,0.88,52000,48500,13700,0.238,30206-XL
30,62,21.25,16,46.8,0.37,1.6,0.88,63000,62000,13300,0.28,32206-XL
30,62,25,16,46.9,0.34,1.76,0.97,77000,78000,13000,0.365,33206-XL
30,68,29,19,48.8,0.33,1.81,1,80000,93000,10900,0.534,T2EE030
30,72,20.75,15,50.1,0.32,1.9,1.05,77000,61000,12100,0.445,30306-XL
32,65,18,16,48,0.47,1.27,0.7,43500,45000,11700,0.262,T4DB032
32,72,29,19,51.1,0.34,1.78,0.98,87000,100000,10400,0.594,T2ED032
35,55,14,11,45.7,0.29,2.06,1.13,27500,38000,13200,0.127,32907
35,62,21,14,49.2,0.31,1.97,1.08,53000,70000,11500,0.273,33007
35,62,18,15,50.1,0.45,1.32,0.73,54000,57000,12800,0.225,32007-X-XL
35,72,18.25,15,53.4,0.37,1.6,0.88,64000,59000,11700,0.336,30207-XL
35,72,24.25,18,53.9,0.37,1.6,0.88,84000,85000,11400,0.449,32207-XL
35,72,28,18,53.9,0.35,1.7,0.93,103000,105000,11100,0.555,33207-XL
35,78,33,21,55.3,0.32,1.85,1.02,106000,120000,9400,0.777,T2EE035
40,62,15,12,51.6,0.29,2.07,1.14,32500,46000,11700,0.186,32908
40,68,22,15,54.6,0.28,2.12,1.17,62000,87000,10400,0.34,33008
40,68,19,15,55.2,0.38,1.58,0.87,63000,71000,11600,0.28,32008-X-XL
40,75,26,18,59.2,0.36,1.69,0.93,93000,104000,10400,0.517,33108-XL
40,75,19,18,57.5,0.49,1.22,0.67,53000,59000,9900,0.345,T4CB040
40,80,19.75,17,59,0.37,1.6,0.88,73000,67000,10500,0.432,30208-XL
40,80,24.75,19,60,0.37,1.6,0.88,94000,94000,10200,0.6,32208-XL
40,80,32,21,60.1,0.36,1.68,0.92,105000,134000,9000,0.741,33208
40,85,33,22,61.9,0.34,1.74,0.96,114000,139000,8600,0.9,T2EE040
40,90,35.25,23,64.2,0.35,1.74,0.96,143000,148000,9200,1.09,32308-XL
45,68,15,12,57.8,0.32,1.88,1.04,34500,52000,10600,0.196,32909
45,75,20,17,62.2,0.39,1.53,0.84,72000,86000,10300,0.355,32009-X-XL
45,75,24,16,61.8,0.29,2.04,1.12,71000,103000,9400,0.432,33909
45,80,26,19,63.8,0.38,1.57,0.86,84000,115000,8800,0.542,33109
45,85,20.75,18,64.8,0.4,1.48,0.81,84000,83000,9600,0.488,30209-XL
45,85,24.75,20,65.6,0.4,1.48,0.81,97000,100000,9400,0.592,32209-XL
45,85,32,22,66.2,0.39,1.56,0.86,107000,146000,8200,0.8,33209
45,90,32,27,69.7,0.55,1.1,0.6,105000,141000,7900,0.967,T5ED045
45,95,29,33,73.5,0.87,0.69,0.38,105000,109000,8100,0.93,T7FC045-XL
45,95,36,24,68.8,0.32,1.86,1.02,143000,175000,7700,1.22,T2ED045
50,72,15,14,61.6,0.34,1.76,0.97,35500,55000,9900,0.2,21910
50,80,20,18,67.3,0.42,1.42,0.78,75000,94000,9600,0.39,32010-X-XL
50,80,24,18,66.5,0.32,1.9,1.04,89000,114000,9600,0.454,33010-XL
50,85,26,21,69.1,0.41,1.46,0.8,86000,122000,8200,0.59,33110
50,90,21.75,20,69.7,0.42,1.43,0.79,94000,97000,9000,0.564,30210-XL
50,90,24.75,21,70.1,0.42,1.43,0.79,104000,110000,8800,0.702,32210-XL
50,90,32,24,72.5,0.41,1.45,0.8,136000,163000,8400,0.87,33210-XL
50,100,36,25,73.5,0.34,1.75,0.96,150000,188000,7200,1.28,T2ED050
50,105,32,36,81.1,0.87,0.69,0.38,127000,135000,7200,1.23,T7FC050-XL
55,80,17,15,68.8,0.31,1.94,1.07,46500,78000,8900,0.304,32911
55,90,23,20,75.1,0.41,1.48,0.81,96000,118000,8500,0.57,32011-X-XL
55,90,27,19,74.2,0.31,1.92,1.06,94000,142000,7700,0.671,33011
55,95,21,20,74.3,0.45,1.35,0.74,73000,88000,7600,0.575,T4CB055
55,95,30,22,76.2,0.37,1.6,0.88,113000,163000,7300,0.873,33111
55,100,22.75,21,76,0.4,1.48,0.81,109000,109000,8100,0.728,30211-XL
55,100,26.75,23,76.7,0.4,1.48,0.81,130000,137000,7900,0.87,32211-XL
55,100,35,26,79.4,0.4,1.5,0.83,164000,194000,7600,1.17,33211-XL
55,105,36,31,82.9,0.56,1.07,0.59,135000,193000,6600,1.43,T5ED055
55,110,39,27,81.5,0.35,1.73,0.95,176000,226000,6500,1.63,T2ED055
55,115,34,40,88.8,0.87,0.69,0.38,152000,165000,6600,1.59,T7FC055-XL
55,120,31.5,25,85.4,0.35,1.74,0.96,180000,175000,6900,1.63,30311-XL
60,85,17,16,73.8,0.33,1.81,1,49000,85000,8300,0.315,32912
60,95,23,21,79.6,0.43,1.39,0.77,97000,124000,8000,0.61,32012-X-XL
60,95,27,20,78.6,0.33,1.83,1.01,95000,148000,7300,0.714,33012
60,100,21,22,79.9,0.47,1.27,0.7,75000,93000,7200,0.597,T4CB060
60,100,30,24,81.9,0.4,1.51,0.83,116000,171000,6900,0.918,33112
60,110,23.75,22,82.4,0.41,1.48,0.81,122000,123000,7500,0.95,30212-XL
60,110,29.75,25,83.2,0.4,1.48,0.81,158000,171000,7200,1.18,32212-XL
60,110,38,28,86.2,0.4,1.48,0.82,169000,237000,6300,1.55,33212
60,115,39,33,90.9,0.53,1.13,0.62,156000,223000,6000,1.82,T5ED060
60,125,37,42,95.8,0.82,0.73,0.4,181000,200000,6100,2.03,T7FC060-XL
60,130,33.5,27,92.2,0.35,1.74,0.96,208000,204000,6300,2.03,30312-XL
60,130,48.5,32,92.5,0.35,1.74,0.96,285000,310000,6100,2.96,32312-XL
65,90,17,17,79,0.35,1.7,0.93,49500,88000,7800,0.326,32913
65,100,23,23,85.1,0.46,1.31,0.72,97000,125000,7500,0.66,32013-X-XL
65,100,27,21,84.6,0.35,1.72,0.95,100000,161000,6900,0.766,33013
65,105,21,24,84.4,0.5,1.2,0.66,80000,102000,6800,0.65,T4CB065
65,110,34,26,89.6,0.39,1.55,0.85,149000,225000,6200,1.31,33113
65,120,24.75,24,90.6,0.4,1.48,0.81,142000,143000,6800,1.16,30213-XL
65,120,32.75,27,91.6,0.4,1.48,0.81,185000,202000,6500,1.57,32213-XL
65,120,39,35,95.9,0.56,1.07,0.59,161000,235000,5700,1.91,T5ED065
65,120,41,30,93.1,0.39,1.54,0.85,242000,285000,6300,2.02,33213-XL
65,130,37,45,101,0.87,0.69,0.38,186000,211000,5700,2.15,T7FC065-XL
65,140,51,35,99.6,0.35,1.74,0.96,320000,350000,5600,3.61,32313-XL
70,100,20,18,85.9,0.32,1.9,1.05,85000,116000,7600,0.494,32914-XL
70,110,21,23,90.2,0.46,1.3,0.72,82000,108000,6500,0.691,T4CB070
70,110,25,24,91.7,0.43,1.38,0.76,123000,159000,6900,0.88,32014-X-XL
70,110,31,23,91,0.28,2.11,1.16,136000,223000,6200,1.21,33014
70,120,37,28,96,0.38,1.58,0.87,174000,260000,5700,1.71,33114
70,125,26.25,25,95.2,0.42,1.43,0.79,155000,162000,6400,1.31,30214-XL
70,125,33.25,28,96.4,0.42,1.43,0.79,194000,216000,6200,1.81,32214-XL
70,125,41,31,97.5,0.41,1.47,0.81,210000,300000,5500,2.12,33214
70,130,43,31,99.6,0.33,1.8,0.99,225000,310000,5300,2.52,T2ED070
70,140,39,47,108.8,0.87,0.69,0.38,208000,237000,5300,2.68,T7FC070-XL
70,150,54,37,106.4,0.35,1.74,0.96,370000,410000,5200,4.39,32314-XL
75,105,20,19,90.5,0.33,1.8,0.99,74000,124000,6600,0.519,32915
75,115,21,25,94.6,0.48,1.24,0.68,83000,113000,6100,0.722,T4CB075
75,115,26,25,97,0.46,1.31,0.72,124000,165000,6500,0.92,32015-X-XL
75,115,31,23,96.4,0.3,2.01,1.11,139000,232000,5900,1.16,33015
75,125,37,30,101.9,0.4,1.51,0.83,178000,275000,5400,1.81,33115
75,130,27.25,27,100.4,0.43,1.38,0.76,160000,169000,6100,1.4,30215-XL
75,130,33.25,30,101.6,0.43,1.38,0.76,201000,227000,5900,1.76,32215-XL
75,130,41,32,103.9,0.43,1.4,0.77,245000,310000,5700,2.25,33215-XL
75,135,43,32,103.4,0.35,1.73,0.95,233000,330000,5100,2.66,T2ED075
75,150,42,51,116.6,0.87,0.69,0.38,238000,275000,4950,3.22,T7FC075-XL
80,110,20,20,96.1,0.35,1.71,0.94,77000,132000,6300,0.56,32916
80,125,24,26,101,0.45,1.33,0.73,114000,150000,5600,1,T4CB080
80,125,29,27,104.2,0.42,1.42,0.78,162000,212000,6000,1.29,32016-X-XL
80,125,36,26,103.2,0.28,2.16,1.19,208000,290000,5900,1.63,33016-XL
80,130,37,31,106.6,0.42,1.44,0.79,188000,300000,5200,1.91,33116
80,140,28.25,28,106.4,0.42,1.43,0.79,184000,193000,5700,1.68,30216-XL
80,140,35.25,31,107.7,0.42,1.43,0.79,234000,265000,5500,2.15,32216-XL
80,140,42,40,113.5,0.57,1.05,0.58,204000,320000,4800,2.75,T5ED080
80,140,46,35,112.2,0.43,1.41,0.78,295000,385000,5300,2.98,33216-XL
80,145,46,33,110.3,0.32,1.88,1.03,265000,370000,4750,3.2,T2ED080
80,160,45,54,124.3,0.87,0.69,0.38,270000,315000,4600,3.98,T7FC080-XL
85,120,23,21,102.6,0.33,1.83,1.01,95000,160000,5700,0.778,32917
85,130,24,27,106.1,0.47,1.27,0.7,116000,157000,5400,1.05,T4CB085
85,130,29,29,109.1,0.44,1.36,0.75,167000,224000,5700,1.36,32017-X-XL
85,130,36,27,108.5,0.29,2.06,1.13,184000,315000,5100,1.89,33017
85,140,41,33,114.7,0.41,1.48,0.81,221000,350000,4750,2.54,33117
85,145,42,39,118.5,0.52,1.14,0.63,210000,340000,4600,2.87,T5ED085
85,150,30.5,30,112.9,0.42,1.43,0.79,212000,226000,5300,2.13,30217-XL
85,150,38.5,34,114.7,0.42,1.43,0.79,270000,305000,5200,2.71,32217-XL
85,150,46,34,115.5,0.33,1.8,0.99,275000,395000,4600,3.35,T2ED085
85,150,49,37,117.6,0.42,1.43,0.79,295000,435000,4500,3.58,33217
85,170,48,55,132,0.8,0.75,0.41,310000,365000,4350,4.83,T7FC085-XL
90,125,23,22,107.8,0.34,1.75,0.96,99000,171000,5500,0.918,32918
90,135,24,30,111.1,0.49,1.21,0.67,119000,164000,5100,1.1,T4CB090
90,140,32,30,115.8,0.42,1.42,0.78,195000,255000,5400,1.76,32018-X-XL
90,140,39,28,116,0.27,2.23,1.23,216000,365000,4750,2.26,33018
90,150,42,41,123.7,0.55,1.1,0.6,214000,355000,4450,2.99,T5ED090
90,150,45,36,121.8,0.4,1.51,0.83,315000,425000,4900,3.13,33118-XL
90,155,46,34,120.5,0.33,1.84,1.01,280000,410000,4400,3.5,T2ED090
90,160,32.5,32,120,0.42,1.43,0.79,239000,260000,5000,2.61,30218-XL
90,160,42.5,36,122.1,0.42,1.43,0.79,310000,360000,4800,3.43,32218-XL
90,160,55,41,125.8,0.42,1.43,0.78,345000,530000,4200,4.76,33218
95,130,23,24,113,0.36,1.68,0.92,102000,181000,5300,0.964,32919
95,140,24,29,117.2,0.45,1.32,0.73,114000,167000,4950,1.15,T4CB095
95,145,32,32,121.4,0.44,1.36,0.75,201000,275000,5100,1.86,32019-X-XL
95,145,39,29,120.8,0.28,2.16,1.19,260000,380000,5000,2.57,33019-XL
95,155,42,43,128.8,0.57,1.06,0.58,218000,365000,4250,3.15,T5ED095
95,160,46,35,125.6,0.34,1.77,0.97,285000,430000,4250,3.76,T2ED095
95,160,49,38,128.7,0.39,1.54,0.85,305000,490000,4150,4.04,33119
100,140,25,24,120.6,0.33,1.82,1,126000,211000,4900,1.17,32920
100,150,32,33,126.3,0.46,1.31,0.72,205000,285000,4950,1.94,32020-X-XL
100,150,39,29,124.7,0.29,2.09,1.15,225000,395000,4450,2.42,33020
100,165,47,35,131.3,0.32,1.88,1.04,300000,470000,4100,4.25,T2EE100
105,145,25,25,125,0.34,1.75,0.96,128000,217000,4700,1.15,32921
105,160,35,35,133.7,0.44,1.35,0.74,238000,330000,4650,2.45,32021-X-XL
105,160,43,31,131.5,0.28,2.12,1.17,265000,450000,4150,3.06,33021
110,150,25,26,130.9,0.36,1.69,0.93,133000,231000,4550,1.41,32922
110,170,38,37,141.2,0.43,1.39,0.77,285000,395000,4350,3.06,32022-X-XL
110,170,47,33,139.2,0.29,2.09,1.15,295000,520000,3950,3.89,33022
120,165,29,29,141,0.35,1.72,0.95,176000,305000,4100,1.82,32924
120,180,38,40,151.2,0.46,1.31,0.72,295000,420000,4050,3.29,32024-X-XL
120,180,48,36,148.5,0.31,1.97,1.08,310000,560000,3700,4.53,33024
130,180,32,32,154.7,0.34,1.77,0.97,208000,370000,3750,2.4,32926
130,200,45,44,165.9,0.43,1.38,0.76,385000,550000,3650,4.83,32026-X-XL
130,230,43.75,46,174.4,0.44,1.38,0.76,420000,470000,3400,7.08,32026-Xl
140,190,32,34,164.8,0.36,1.67,0.92,214000,395000,3500,2.6,32928
140,210,45,46,175.6,0.46,1.31,0.72,400000,590000,3450,5.4,32028-X-XL
140,250,45.75,48,188,0.43,1.38,0.76,490000,560000,3100,8.8,30228-XL
